"True_Positives","False_Positives","True_Negatives","False_Negatives","Accuracy","Precision","Recall","F1_Score","FDR"
433,35,9138,391,0.957387216164849,0.925213675213675,0.525485436893204,0.670278637770898,0.0747863247863248
