"True_Positives","False_Positives","True_Negatives","False_Negatives","Accuracy","Precision","Recall","F1_Score","FDR"
465,33,8988,511,0.945583675102531,0.933734939759036,0.476434426229508,0.630936227951153,0.0662650602409639
