"True_Positives","False_Positives","True_Negatives","False_Negatives","Accuracy","Precision","Recall","F1_Score","FDR"
215,76,9697,1,0.99229152067274,0.738831615120275,0.99537037037037,0.848126232741617,0.261168384879725
