"True_Positives","False_Positives","True_Negatives","False_Negatives","Accuracy","Precision","Recall","F1_Score","FDR"
203,37,9094,653,0.93091018323821,0.845833333333333,0.23714953271028,0.37043795620438,0.154166666666667
