"True_Positives","False_Positives","True_Negatives","False_Negatives","Accuracy","Precision","Recall","F1_Score","FDR"
416,29,8971,583,0.938793879387939,0.934831460674157,0.416416416416416,0.576177285318559,0.0651685393258427
